Scientific_Name,Family,Genus,Species,Brain_Size_Species_Mean,Body_mass_male_mean,Body_mass_female_mean,MeanGroupSize,AdultMales,AdultFemale,GR_MidRangeLat_dd,Precip_Mean_mm,Temp_Mean_degC,HomeRange_km2,DayLength_km,Fruit,Leaves,Fauna,Canine_Dimorphism,Feed,Move,Rest,Social
Allenopithecus_nigroviridis,Cercopithecidae,Allenopithecus,nigroviridis,58.02,6130,3180,,,,-0.17,1574,25.2,,,,,,2.21,,,,
Allocebus_trichotis,Cercopithecidae,Allocebus,trichotis,,92,84,1,1,1,-16.59,1902.3,20.3,,,,,,,,,,
Alouatta_belzebul,Atelidae,Alouatta,belzebul,52.84,7270,5520,7,1,1,-6.8,1643.5,24.9,,,57.3,19.1,0,1.811,13.75,18.75,57.3,10
Alouatta_caraya,Atelidae,Alouatta,caraya,52.63,6525,4240,8,2.3,3.3,-20.34,1166.4,22.9,,0.4,23.8,67.7,0,1.542,15.9,17.6,61.6,4.9
Alouatta_guariba,Atelidae,Alouatta,guariba,51.7,5800,4550,6.53,1.37,2.2,-21.13,1332.3,19.6,0.03,,5.2,73,0,1.783,18.33,14.33,64.37,3
Alouatta_palliata,Atelidae,Alouatta,palliata,49.88,7150,5350,12,2.9,6.3,6.95,1852.6,23.7,0.19,0.32,33.1,56.4,0,1.703,17.94,12.32,66.14,3.64
Alouatta_pigra,Atelidae,Alouatta,pigra,51.13,11400,6430,6.6,1.925,2.175,18.8,1341.3,25.1,0.3,,40.8,45.1,0,1.109,24.4,9.8,61.9,3.8
Alouatta_seniculus,Atelidae,Alouatta,seniculus,55.22,6690,5210,7.1,1.7,2.2,0.68,1823.4,25.1,0.1,0.55,40,48.1,0,1.464,12.7,6.2,78.5,2.5
Aotus_azarai,Cebidae,Aotus,azarai,20.67,1180,1230,3.1,1,1,-17.05,1010.9,24.6,0.095,,45,41,,,,,,
Aotus_brumbacki,Cebidae,Aotus,brumbacki,,,,3,1,1,,,,,,,,,,,,,
Aotus_lemurinus,Cebidae,Aotus,lemurinus,16.3,752.8,716.1,,,,,,,,,,,,1.171,,,,
Aotus_nancymaae,Cebidae,Aotus,nancymaae,,794,780,3.9,1,1,-4.59,2280.4,26.1,,,,,,,,,,
Aotus_nigriceps,Cebidae,Aotus,nigriceps,,875,1040,4.1,1,1,-7.72,1807.1,25.2,0.105,0.708,60,,,,,,,
Aotus_trivirgatus,Cebidae,Aotus,trivirgatus,16.85,1044.4,933.3,2.9,1,1,4.15,1786,24.8,0.02,0.66,45.5,10,15,1.11,,,,
Aotus_vociferans,Cebidae,Aotus,vociferans,,708,698,3.3,1,1,1.06,2174.4,25.3,,,,,,,,,,
Arctocebus_calabarensis,Lorisidae,Arctocebus,calabarensis,6.92,312,306,,,,5.52,1844.4,24.8,,,,,,1,,,,
Ateles_belzebuth,Atelidae,Ateles,belzebuth,117.02,7850,8484.4,22.125,4.25,8.75,-0.44,2270.1,25.8,2.28,2.3,82.7,9,0.4,,18.97,23.53,54.73,2.73
Ateles_fusciceps,Atelidae,Ateles,fusciceps,114.24,8890,9160,,,,,,,,,,,,,,,,
Ateles_geoffroyi,Atelidae,Ateles,geoffroyi,105.09,7780,7290,15,,4.1,12.38,1539.3,24.3,0.73,1.7,76.8,14.9,1.4,1.579,33.5,32.6,24.1,9.8
Ateles_paniscus,Atelidae,Ateles,paniscus,103.85,8490,8070,18.2,4,2.3,2.06,1576.9,25.6,1.36,2.4,79.8,7.9,0.1,1.567,,,,0.9
Avahi_laniger,Indriidae,Avahi,laniger,9.86,1106,1307,3,1,1,-19.63,1769,19.7,0.01,0.46,,,,0.942,,,,
Avahi_occidentalis,Indriidae,Avahi,occidentalis,7.95,836.3,766.5,3.5,1,1,-17.38,1184.4,24.9,0.01,,,,,,,,,
Brachyteles_arachnoides,Atelidae,Brachyteles,arachnoides,116.72,9610,8070,20.9,7,7.1,-22.66,1327,21.2,1.04,0.9,20.8,67.1,0,1.336,27.8,9.7,61,1.6
Bunopithecus_hoolock,Hylobatidae,Bunopithecus,hoolock,110.68,7106.5,6350,,,,23.44,1536,17.5,0.413,1.26,79,10.3,2,1.03,,,,
Cacajao_calvus,Pitheciidae,Cacajao,calvus,76,3450,2880,48,16,16,-5.73,2118.6,25.5,5.25,3.75,18.4,3.3,5.2,1.255,,,,
Cacajao_melanocephalus,Pitheciidae,Cacajao,melanocephalus,68.77,3160,2710,,,,0.53,2310.2,25.1,,,28.8,4,2,,,,,
Callicebus_donacophilus,Pitheciidae,Callicebus,donacophilus,,991,909,,,,-15.87,1089.3,24.4,,,,,,,,,,
Callicebus_hoffmannsi,Pitheciidae,Callicebus,hoffmannsi,,1090,1030,,,,-3.97,1584.1,25.8,,,,,,,,,,
Callicebus_moloch,Pitheciidae,Callicebus,moloch,,1020,956,3.3,1,1,-7.7,1740.3,24.6,0.07,0.55,53.7,33,9,1.079,,,,
Callicebus_personatus,Pitheciidae,Callicebus,personatus,,1270,1380,4,1,1,-19.25,1073.9,21.2,0.047,0.69,68,17.6,,,,,,
Callicebus_torquatus,Pitheciidae,Callicebus,torquatus,,1280,1210,4.8,1,1,,,,0.29,0.8,71.3,4,20,1.059,,,,1.4
Callimico_goeldii,Cebidae,Callimico,goeldii,11.43,499,468,7.2,1,2,-5.33,2091.9,26,0.32,2,29,0,34,,14,17,66,3
Callithrix_argentata,Cebidae,Callithrix,argentata,7.95,330,360,,,,-3.09,1718.5,25.4,,,,,,,,,,
Callithrix_aurita,Cebidae,Callithrix,aurita,,,,7.5,1.5,2.5,-23.15,1480.6,18.8,0.08,,37.5,,18.6,,,,,
Callithrix_geoffroyi,Cebidae,Callithrix,geoffroyi,,,,5,2,1,,,,,,,,,,,,,2.8
Callithrix_humeralifera,Cebidae,Callithrix,humeralifera,,360,380,,2.8,3.3,-5.36,1636.7,25.9,0.1,1.12,76.5,,,,,,,5
Callithrix_jacchus,Cebidae,Callithrix,jacchus,7.24,318,322,11,2.3,2.9,-6.58,993.9,25,0.02,0.88,22,0,11,1.056,43,14,30,14
Callithrix_kuhlii,Cebidae,Callithrix,kuhlii,,,,5,2,1,,,,,,,,,,,,,
Callithrix_penicillata,Cebidae,Callithrix,penicillata,7.32,343.8,311.7,8,3,2,-12.68,1172.2,22,0.01,1,,,,1.08,,,,
Callithrix_pygmaea,Cebidae,Callithrix,pygmaea,4.17,110,122,2,1.5,1,-5.96,2085.3,25.6,0.002,0.29,,,,1.034,,,,
Cebus_albifrons,Cebidae,Cebus,albifrons,65.45,3180,2290,25.1,3.8,6.5,-0.82,1929.9,25.3,0.53,1.8,24.6,20,10,,,,,
Cebus_apella,Cebidae,Cebus,apella,66.63,3382.8,2489.1,12.9,3.6,4.9,-10.77,1541.9,24.1,0.88,2.1,52,10,20,1.455,52.7,,,9.9
Cebus_capucinus,Cebidae,Cebus,capucinus,72.93,3285.8,2436.5,16.4,3.4,5,8.74,2165.7,24.1,0.35,2,47.5,6.5,14.6,1.582,24.4,14.9,38.73,10
Cebus_olivaceus,Cebidae,Cebus,olivaceus,69.84,3229.2,2633.3,21,3.5,6.9,4.78,1555.2,24.9,1.7,2.3,48,8,36,1.573,,,,1.7
Cebus_xanthosternos,Cebidae,Cebus,xanthosternos,66.09,2714.3,2166.7,,,,,,,,,,,,,,,,
Cercocebus_agilis,Cercopithecidae,Cercocebus,agilis,116.43,9500,5660,21.5,2,7.5,,,,,,75,16,5,1.962,34,31,13,10
Cercocebus_galeritus,Cercopithecidae,Cercocebus,galeritus,99.07,9610,5260,18.2,2,9.5,-2.1,539.9,27.4,0.51,1.2,76.6,8.8,8.2,,41.6,18.4,10.2,12.5
Cercocebus_torquatus,Cercopithecidae,Cercocebus,torquatus,105.99,9470,5500,26.9,,,4.2,1756.2,25.2,,,,13,2,,,,,
Cercocebus_torquatus_atys,Cercopithecidae,Cercocebus,torquatus_atys,94.68,11000,6200,90,9,25,7.92,1860.9,25.6,,,68,,,2.46,29,,,7.9
Cercopithecus_albogularis,Cercopithecidae,Cercopithecus,albogularis,70.1,6977.7,4261.9,,,,,,,,,,,,,,,,
Cercopithecus_ascanius,Cercopithecidae,Cercopithecus,ascanius,59.58,4527.6,2901,28.8,1,8.5,-2.71,1310.1,23.7,0.16,1.5,54.8,14.2,23.3,1.56,34,17,10,
Cercopithecus_campbelli,Cercopithecidae,Cercopithecus,campbelli,57.39,4500,2700,14,1,4,8.53,2266.7,25.3,0.01,,46.3,8.4,33.1,,31.5,28,18,5.2
Cercopithecus_cephus,Cercopithecidae,Cercopithecus,cephus,65.26,4290,2880,8,1,3,-0.42,1498.7,24.4,0.24,,72.5,8.5,11,1.702,,,,
Cercopithecus_diana,Cercopithecidae,Cercopithecus,diana,62.61,5200,3900,24,1,7,6.65,2375.7,24.8,1.25,1.6,58.5,15.8,15.9,1.618,28.1,27.7,24.4,7.3
Cercopithecus_erythrotis,Cercopithecidae,Cercopithecus,erythrotis,65.4,3600,2900,,,,,,,,,,,,1.759,,,,
Cercopithecus_hamlyni,Cercopithecidae,Cercopithecus,hamlyni,65.9,5490,3360,,,,,,,,,,,,,,,,
Cercopithecus_lhoesti,Cercopithecidae,Cercopithecus,lhoesti,74.2,5970,3450,,,,-1.13,1271.3,22.6,,,24.5,35.2,8.8,1.84,,,,11.4
Cercopithecus_mitis,Cercopithecidae,Cercopithecus,mitis,71.33,7590.6,4628,18.6,1,8.8,-1.9,1090.8,22.1,0.1,1,51.6,20.4,17.5,1.97,39.7,19.4,27.6,9.5
Cercopithecus_mona,Cercopithecidae,Cercopithecus,mona,61.84,4705,2733,4.8,1,1.9,,,,,,,,,1.9,,,,
Cercopithecus_neglectus,Cercopithecidae,Cercopithecus,neglectus,65.97,7350,4130,4.5,1.5,1.5,-1.11,1382.9,24.1,0.06,0.42,74.4,9.1,4.7,1.776,,,,
Cercopithecus_nictitans,Cercopithecidae,Cercopithecus,nictitans,71.13,6670,4260,13,1,5,1.69,1482.7,24.7,1.15,1.5,75.6,14.3,4,1.613,,,,
Cercopithecus_petaurista,Cercopithecidae,Cercopithecus,petaurista,55.08,4300,2918.2,11.3,1.16,5.67,8.93,1677.7,25.9,,,33.6,39.7,12.3,1.777,34.3,25.6,23.8,5.4
Cercopithecus_pogonias,Cercopithecidae,Cercopithecus,pogonias,59.56,4260,2900,13,1,5,1.53,1460.5,24.5,1.15,1.75,74.5,4,11.5,1.652,,,,
Cercopithecus_preussi,Cercopithecidae,Cercopithecus,preussi,,,,,,,4.78,2348.2,24.5,,,51.9,41.4,1,1.774,,,,
Cercopithecus_solatus,Cercopithecidae,Cercopithecus,solatus,,6890,3920,,,,-0.8,1734.9,24.8,,,,,,,,,,
Cercopithecus_wolfi,Cercopithecidae,Cercopithecus,wolfi,61.45,3910,2870,,,,,,,,,,,,1.883,,,,
Cheirogaleus_major,Cheirogalidae,Cheirogaleus,major,5.81,438,362,1,1,1,-18.76,1676.3,20.3,0.02,,,,,,,,,
Cheirogaleus_medius,Cheirogalidae,Cheirogaleus,medius,2.6,140,139,1,1,1,-19.03,850.8,24,0.02,,,,,0.942,,,,
Chiropotes_satanas,Pitheciidae,Chiropotes,satanas,48.33,3100,2960,18.5,1.5,9,,,,2.25,2.5,15.45,8.17,0.5,1.155,,,,
Chlorocebus_aethiops,Cercopithecidae,Chlorocebus,aethiops,65,4400,3039,19.5,4.1,7.7,,,,,1.2,10.6,14.3,15.4,1.583,34,21.13,25.63,13.63
Chlorocebus_pygerythrus,Cercopithecidae,Chlorocebus,pygerythrus,62.58,5071.2,3575.8,,,,,,,,,,,,,,,,
Chlorocebus_sabaeus,Cercopithecidae,Chlorocebus,sabaeus,64.91,4923.6,3700,,,,,,,,,,,,,,,,
Colobus_angolensis,Cercopithecidae,Colobus,angolensis,77.7,9680,7570,18.25,3.5,7,-4.16,1229.1,23.3,3.71,0.983,22.6,53.3,0,1.845,37.5,34.5,22,5
Colobus_guereza,Cercopithecidae,Colobus,guereza,74.39,9673,7505.6,12,1.5,2.9,5.15,1089.2,23.2,0.3,0.48,19,73,0,1.459,57.5,21.25,10.25,8.25
Colobus_polykomos,Cercopithecidae,Colobus,polykomos,73.83,9900,8300,11,4,4,9.06,1807.6,25.7,0.5,0.57,41.5,53.5,0,1.77,61,28,9,1
Colobus_satanas,Cercopithecidae,Colobus,satanas,74.9,10400,7420,13.5,2.3,6,1.97,1654.6,24.1,2.72,0.607,56,34,0,,60,23,4,8.1
Colobus_vellerosus,Cercopithecidae,Colobus,vellerosus,73.07,8420,7220,,,,7.44,1067.2,26.8,0.29,,,,,,59,24,15,3
Daubentonia_madagascariensis,Daubentonidae,Daubentonia,madagascariensis,44.85,2620,2490,1,1,1,-18.79,1491.3,21.7,0.356,2.95,,,,,,,,
Erythrocebus_patas,Cercopithecidae,Erythrocebus,patas,97.73,12400,6500,28.2,1.5,10.4,7.97,733.9,26.4,28.24,3.2,10,2,36,2.132,,,,
Eulemur_albifrons,Lemuridae,Eulemur,albifrons,21.45,2390,2281,9,3.5,3,,,,0.13,0.9825,69,11.5,,,22,22,56,
Eulemur_albocollaris,Lemuridae,Eulemur,albocollaris,22.1,2150,2130,,,,,,,,,,,,,,,,
Eulemur_collaris,Lemuridae,Eulemur,collaris,,,,7,3,2.5,,,,0.7,2.5,79.4,5.2,,,23.4,18.4,55.7,
Eulemur_coronatus,Lemuridae,Eulemur,coronatus,20.65,1280,1080,9.25,4.13,3.75,-13.06,1050.9,23.8,0.123,0.912,81.9,3.3,,1.116,19.4,7,44,4.3
Eulemur_fulvus,Lemuridae,Eulemur,fulvus,25.77,2250,2333.3,8.9,3,3.5,-16.64,1561.3,21.4,0.162,0.447,68.7,25.6,0,1.176,18.4,15.6,58.9,2.48
Eulemur_macaco,Lemuridae,Eulemur,macaco,24.51,2350,2430,10,3.4,3.1,-13.94,1341.9,22.3,0.053,,64.3,23,0,1.02,13.6,16.4,62.8,
Eulemur_mongoz,Lemuridae,Eulemur,mongoz,20.17,1143.3,1281.5,2.93,1,1,-16.11,1258.8,26.2,0.042,0.712,63.3,19.3,0,1.197,9,9.5,69.1,4
Eulemur_rubriventer,Lemuridae,Eulemur,rubriventer,26.23,1980,1940,3,1,1,-18.45,1781.1,19.4,0.2,0.444,81,15,,1.051,16,21,60,2
Eulemur_rufus,Lemuridae,Eulemur,rufus,25.4,2170,2270,9.17,4.1,2.6,-19.51,1068.8,22.8,0.584,0.8475,68.4,24.1,,,18,16.2,61.8,
Eulemur_sanfordi,Lemuridae,Eulemur,sanfordi,,1870,1830,5,2.25,2.13,-12.78,1013.1,25.2,0.07,0.758,89.1,2.2,,,17.7,11,59.2,
Euoticus_elegantulus,Lorisidae,Euoticus,elegantulus,5.53,287,261,,,,-0.26,1497.1,24.4,,,,,,1.062,,,,
Galago_matschiei,Galagidae,Galago,matschiei,4.62,207,212,,,,-0.33,1165,21.5,,,,,,,,,,
Galago_moholi,Galagidae,Galago,moholi,3.71,149.6,147.2,1,1,1,-13.46,801.2,21.7,0.04,,,,,1.062,63.9,25,4.5,12
Galago_senegalensis,Galagidae,Galago,senegalensis,3.96,200.3,188,1,1,1,1.95,800.8,25,0.08,,6,,,1.111,,,,
Galagoides_demidoff,Galagidae,Galagoides,demidoff,2.65,76.2,73.1,10,,,-0.14,1404.3,24.4,0.01,,10,0,,1.277,,,,
Galagoides_zanzibaricus,Galagidae,Galagoides,zanzibaricus,3.51,149,137,,,,-11.84,760,24,0.01,1.76,,,,1.106,,,,
Gorilla_beringei,Hominidae,Gorilla,beringei,491.27,162500,97500,,,,,,,,,,,,,,,,
Gorilla_gorilla,Hominidae,Gorilla,gorilla,490.41,170400,71500,7.1,1.8,4.4,0.88,1528.8,24.2,4.03,0.86,11,93,0,1.739,52.6,9.55,35.5,5.8
Hapalemur_aureus,Lemuridae,Hapalemur,aureus,,,,3,,,-21.66,1654.5,18.5,0.21,0.4,,,,,,,,
Hapalemur_griseus,Lemuridae,Hapalemur,griseus,14.09,748,670,4.4,1,1,-19.45,1772.8,19.7,0.01,0.43,,,,1.005,,,,
Hapalemur_griseus_alaotrensis,Lemuridae,Hapalemur,griseus_alaotrensis,13.8,1228,1251,,,,,,,,,,,,,,,,
Hapalemur_simus,Lemuridae,Hapalemur,simus,,2150,1300,7,1,1,-21.76,1746.4,18.9,0.62,,,,,,30.6,20.3,33.6,
Hylobates_agilis,Hylobatidae,Hylobates,agilis,91.16,5880,5820,,1,1,0.16,2398,25.4,0.29,1.3,58,39,1,,,,,
Hylobates_klossii,Hylobatidae,Hylobates,klossii,87.99,5670,5920,,0.9,1,,,,0.32,1.5,72,2,26,0.966,,,,
Hylobates_lar,Hylobatidae,Hylobates,lar,101.87,5809.2,5380.9,3.3,1,1,13.68,1727.4,23,0.32,1.6,64,24.7,9.7,1.16,33.87,23.33,33.1,7.57
Hylobates_moloch,Hylobatidae,Hylobates,moloch,,6580,6250,,,,-7,2119.1,23.8,0.12,1.4,61,38,0,,,,,
Hylobates_muelleri,Hylobatidae,Hylobates,muelleri,85.13,5632.3,6010.3,,,,1.13,2665.3,24,0.26,0.9,62,32,2,,,,,4
Hylobates_pileatus,Hylobatidae,Hylobates,pileatus,84.69,5500,5440,,1,1,12.92,1576,26,0.23,1.3,67.5,20,11,0.993,,,,
Indri_indri,Indriidae,Indri,indri,34.81,5830,6840,3.2,1,1,-17.23,1871.1,20,0.12,0.25,43,57,,0.996,42,3,50,1.5
Lagothrix_lagotricha,Atelidae,Lagothrix,lagotricha,96.5,7280,7020,33.1,7.3,8.2,0.02,2265.6,25.8,2.82,1.1,78.9,11.4,4.9,1.77,25.8,38.8,29.9,5.5
Lemur_catta,Lemuridae,Lemur,catta,22.9,2210,2210,17,5.2,6.4,-23.05,629.4,23,0.05,0.9,54,43.6,0?,1.186,,,,4.6
Leontopithecus_chrysomelas,Cebidae,Leontopithecus,chrysomelas,11.84,610,700,6.7,1.6,1,-15.01,1531.2,22.4,0.24,,,,,,,,,9.1
Leontopithecus_chrysopygus,Cebidae,Leontopithecus,chrysopygus,,,,3.6,,,-21.99,1272.6,21.9,0.83,,,,,,35.8,33,14.4,
Leontopithecus_rosalia,Cebidae,Leontopithecus,rosalia,12.83,620,598,5.4,1.8,1.5,-22.1,1283.2,20.7,0.26,1.44,,,,,,,,5.4
Lepilemur_dorsalis,Lepilemuridae,Lepilemur,dorsalis,6.7,817,923,1,1,1,-13.79,1332.8,20.2,,,,,,,,,,
Lepilemur_edwardsi,Lepilemuridae,Lepilemur,edwardsi,7.25,928,934,2,,,-17.31,1142,25.5,0.008,,,,,,,,,
Lepilemur_leucopus,Lepilemuridae,Lepilemur,leucopus,6.87,617,594,1,1,1,-24.5,568.2,23.1,0.002,,,,,1.123,,,,
Lepilemur_microdon,Lepilemuridae,Lepilemur,microdon,,,,,,,-21.5,1830,19.7,,,,,,,,,,
Lepilemur_mustelinus,Lepilemuridae,Lepilemur,mustelinus,,,,1,1,1,-15.86,1736.1,19.9,0.003,,,,,1.332,,,,
Lepilemur_ruficaudatus,Lepilemuridae,Lepilemur,ruficaudatus,8.25,806,803,1,1,1,-21.58,578.9,23.9,0.008,,,,,1.179,,,,
Lophocebus_albigena,Cercopithecidae,Lophocebus,albigena,93.97,7890,6010,15.8,4.3,7.8,0.22,1416.8,23.8,1.98,1.2,64,5,14,2.187,37.5,27.5,12,6.25
Lophocebus_aterrimus,Cercopithecidae,Lophocebus,aterrimus,101.59,7840,5760,,,,-1.65,1578.1,25.1,0.34,,,,,1.897,,,,
Loris_lydekkerianus,Lorisidae,Loris,lydekkerianus,6.34,264,269,,,,,,,,,,,,,26,35.6,36.4,23
Loris_tardigradus,Lorisidae,Loris,tardigradus,5.87,192,193,2,1,1,6.75,1472.7,25.2,0.007,,,,,0.985,,,,
Macaca_arctoides,Cercopithecidae,Macaca,arctoides,100.7,12200,8400,31.1,,,,,,,1.7,,,,,,,,
Macaca_assamensis,Cercopithecidae,Macaca,assamensis,90.46,11300,6900,,,,23.01,1475.6,14.2,,,,,,,,,,
Macaca_cyclopis,Cercopithecidae,Macaca,cyclopis,82,6000,4940,,,,,,,,,53.8,29.1,9.8,,,,,
Macaca_fascicularis,Cercopithecidae,Macaca,fascicularis,63.98,4984.2,3517.9,27.5,4.7,10.6,4.13,2190.5,24.9,0.46,1.5,76.8,9.4,4,2.258,18.5,36.9,42.9,1.5
Macaca_fuscata,Cercopithecidae,Macaca,fuscata,102.92,10970,8030,53.7,3.4,17.5,35.88,1476.6,10.2,1.43,0.93,22.9,23.7,7,2.04,43.3,19.9,20.1,15.2
Macaca_leonina,Cercopithecidae,Macaca,leonina,85.6,6520.5,4762.7,,,,,,,,,,,,,,,,
Macaca_mulatta,Cercopithecidae,Macaca,mulatta,88.98,7915.1,5670.5,40.7,4.5,23.8,25.07,1173.6,16.9,5.91,1.6,8.5,84.4,0,2.072,46,11.5,25,
Macaca_nemestrina,Cercopithecidae,Macaca,nemestrina,105.59,11102.7,6539.2,18.2,2.4,14.9,3.04,2449.8,24.7,1.75,1.8,74.2,11.1,12.2,2.36,,,,
Macaca_nigra,Cercopithecidae,Macaca,nigra,94.9,9890,5470,63.8,5.8,20.2,,,,,6,,3,32,2.612,36.2,22.5,19.5,21.7
Macaca_ochreata,Cercopithecidae,Macaca,ochreata,,4200,2600,,,,,,,,,,,,,,,,
Macaca_radiata,Cercopithecidae,Macaca,radiata,74.87,6312.5,3855.7,30,8,9.7,14.59,937.4,26.5,0.88,1.75,,,,,,,,
Macaca_silenus,Cercopithecidae,Macaca,silenus,85,8900,6100,19.6,3.1,7.1,13.19,880.7,25.3,0.88,1.63,,,,2.437,,,,4.7
Macaca_sinica,Cercopithecidae,Macaca,sinica,69.7,5680,3200,24.5,2.7,6.2,7.87,1416.7,25.8,0.4,,97,23,2,1.977,46,10,34,
Macaca_sylvanus,Cercopithecidae,Macaca,sylvanus,93.2,14530.3,9625,18.2,4.7,7,34.21,459.3,14.8,2.63,1.664,2.6,10.9,8.05,2.02,33.1,21.37,30.73,10.77
Macaca_thibetana,Cercopithecidae,Macaca,thibetana,,15200,9500,38.3,4.5,11,28.38,1198,13,,,,,,,,,,
Mandrillus_leucophaeus,Cercopithecidae,Mandrillus,leucophaeus,148,17500,12500,,,,5.21,2032.9,24.3,,,,,,4.1,,,,
Mandrillus_sphinx,Cercopithecidae,Mandrillus,sphinx,153.88,34400,12800,,,,-0.76,1611.8,24.4,26.34,3,,,,5.263,,,,
Microcebus_murinus,Cheirogalidae,Microcebus,murinus,1.63,63,67.2,1,1,1,-18.95,851.2,24.1,0.01,,51,,,0.995,,,,
Microcebus_myoxinus,Cheirogalidae,Microcebus,myoxinus,,31,30,1,1,1,-20.08,822.6,24.8,,,,,,,,,,
Microcebus_rufus,Cheirogalidae,Microcebus,rufus,1.72,43,42,1,1,1,-19.32,1714.4,20,0.01,,,,,0.939,,,,
Miopithecus_talapoin,Cercopithecidae,Miopithecus,talapoin,37.35,1940,1560,66.5,10.2,20.4,-7.68,1043.1,23.2,0.8,2.4,43,<5,35,1.694,,,,
Mirza_coquereli,Cheirogalidae,Mirza,coquereli,5.8,311,312,1,1,1,-18.34,924.8,23.9,0.03,,,,,,,,,
Nasalis_larvatus,Cercopithecidae,Nasalis,larvatus,92.3,19391.8,9729.6,12,1,3.7,1.42,2570.8,25,3.73,0.65,36,56,0,2.203,,,,
Nomascus_concolor,Hylobatidae,Nomascus,concolor,,7790,7620,,,,22.7,1196.2,17.3,0.87,1.3,22.5,63,7,1.125,,,,
Nomascus_gabriellae,Hylobatidae,Nomascus,gabriellae,119.38,7410,7320,,,,,,,,,,,,,,,,
Nomascus_leucogenys,Hylobatidae,Nomascus,leucogenys,,,,,,,20.91,1234.1,19.1,,1.3,39,53,4,,,,,
Nycticebus_bengalensis,Lorisidae,Nycticebus,bengalensis,13.49,1100,1020,,,,,,,,,,,,,,,,
Nycticebus_coucang,Lorisidae,Nycticebus,coucang,10.13,679,626,1,1,1,0.27,2372.9,24.9,,,60,0,,1.037,21,70.6,5.4,3
Nycticebus_pygmaeus,Lorisidae,Nycticebus,pygmaeus,,462,376,1,1,1,16.94,1499,21.1,,,,,,1.112,,,,
Otolemur_crassicaudatus,Galagidae,Otolemur,crassicaudatus,11.78,1190,1110,6,1,,-14.71,870.9,22,0.06,,,0,,1.229,,,,
Otolemur_garnettii,Galagidae,Otolemur,garnettii,11.5,794,734,,,,-4.61,679.2,23.6,0.12,,,,,1.081,21,52.3,9.4,14.5
Pan_paniscus,Hominidae,Pan,paniscus,341.29,45000,33200,85.1,7,10.9,-1.66,1611.2,25,27.93,2.4,,15,2,1.384,35.2,14.5,37.4,
Pan_troglodytes,Hominidae,Pan,troglodytes,368.35,49566.7,40366.7,63.1,8.7,25.2,2.2,1497.2,24.2,10.85,3.8,66,26,7,1.423,57.63,12.15,30.23,23.5
Papio_anubis,Cercopithecidae,Papio,anubis,167.42,23000,13300,57.7,7.2,17.5,8.04,982.4,24.3,4.83,4.6,42.3,25.1,6.7,2.221,36.1,24.1,26.2,13.8
Papio_cynocephalus,Cercopithecidae,Papio,cynocephalus,163.19,22300,12000,55,7,19.4,-5.96,864.2,23,14.95,5.9,62,21,5,3.003,43.3,25.4,20.2,6.46
Papio_hamadryas,Cercopithecidae,Papio,hamadryas,146.17,18000,10300,66.1,1,8.2,12.72,459.4,21.6,17.37,11,88,7,,2.743,29.7,24.8,26,16.2
Papio_ursinus,Cercopithecidae,Papio,ursinus,178,29800,14800,34.7,6.7,13.9,-24.42,419,18.5,9.12,5.6,,12,1,3.839,45,23.5,22,9.5
Perodicticus_potto,Lorisidae,Perodicticus,potto,12.42,802.1,867.9,2,1,1,1.77,1390,24.4,0.11,,81,0,,1.01,,,,
Phaner_furcifer,Cheirogalidae,Phaner,furcifer,6.68,328,350,2,1,1,-15.35,1763.1,22.3,0.02,,,,,,,,,
Piliocolobus_badius,Cercopithecidae,Piliocolobus,badius,63.59,8360,8210,49.4,9.4,18,9.69,1614.6,26.1,0.42,0.55,35,45,0,1.557,52,21,13,13
Piliocolobus_kirkii,Cercopithecidae,Piliocolobus,kirkii,57.25,5800,5460,32.4,2.6,13.45,,,,0.326,1.044,21,64.5,0,2.526,45.5,29,9,11
Piliocolobus_preussi,Cercopithecidae,Piliocolobus,preussi,,,,,,,5.17,2276.2,24.2,0.39,,1,89,0,,,,,
Piliocolobus_rufomitratus,Cercopithecidae,Piliocolobus,rufomitratus,,,,14.8,1.27,7.57,-2.58,611.1,26.8,0.113,0.532,24.3,58.3,0,,51,27.33,17.67,4.33
Piliocolobus_tephrosceles,Cercopithecidae,Piliocolobus,tephrosceles,70.95,9559.6,7258,34,3.5,10,,,,0.65,0.649,,,,,46,35,8.5,8.5
Pithecia_irrorata,Pitheciidae,Pithecia,irrorata,,2250,2070,3.5,,,-8.15,1766.7,25.1,,,,,,,,,,
Pithecia_pithecia,Pitheciidae,Pithecia,pithecia,32.26,1940,1580,5.5,1,2,2.92,1569.9,25.4,0.128,1.5,29.4,8.75,3,1.174,,,,
Pongo_abelii,Hominidae,Pongo,abelii,389.5,84482.5,41148,,,,,,,,,,,,1.71,,,,
Pongo_pygmaeus,Hominidae,Pongo,pygmaeus,377.38,80136.9,36947.6,2,1,1,1.33,2587,23.8,3.88,0.5,64,18,3,1.693,42.4,15.4,41,1.2
Presbytis_comata,Cercopithecidae,Presbytis,comata,80.3,6680,6710,6,1.2,1.4,-6.77,2178.5,24.4,0.38,0.5,14.2,65,,1.508,,,,
Presbytis_melalophos,Cercopithecidae,Presbytis,melalophos,64.85,6554.3,6566.6,14.5,1,6,-3.33,2785,24.7,0.12,0.88,,,,1.712,,,,
Procolobus_verus,Cercopithecidae,Procolobus,verus,52.6,4700,4200,,2,3.3,7,1868.9,25.3,0.56,1.212,13.5,79.5,,2.005,,,,6.7
Propithecus_coquereli,Indriidae,Propithecus,coquereli,30.19,3700,3757,5.5,,,-15.49,1347.9,25.1,,,,,,,,,,
Propithecus_deckenii,Indriidae,Propithecus,deckenii,30.15,3430,3633.3,4,,,,,,,,,,,,,,,
Propithecus_diadema,Indriidae,Propithecus,diadema,39.8,6050,6210,5.38,1,1.25,-17,1838.3,19.8,0.21,,15.1,48.8,0,0.88,25,23,47,5
Propithecus_edwardsi,Indriidae,Propithecus,edwardsi,39.49,5468.8,5895,4.6,1.46,1.44,-21.39,1672.6,18.3,4,,30.4,28.2,0,,,,,
Propithecus_tattersalli,Indriidae,Propithecus,tattersalli,,3390,3590,4.1,,,-13.08,1044.9,25.2,0.06,,46.2,38.7,0,,,,,
Propithecus_verreauxi,Indriidae,Propithecus,verreauxi,26.21,2930,2980,5,1.7,2.8,-22.63,581.3,23.5,0.03,0.85,24,65,0,1.061,,,,3.8
Pygathrix_nemaeus,Cercopithecidae,Pygathrix,nemaeus,91.41,11000,8440,9.3,1.3,3.7,16.63,1895.3,22.5,,,14,82,,2.108,,,,
Rhinopithecus_avunculus,Cercopithecidae,Rhinopithecus,avunculus,,,,,,,22.06,1313.2,19.1,10,,62,38,,,,,,
Rhinopithecus_bieti,Cercopithecidae,Rhinopithecus,bieti,,,,,,,28.69,1820.9,2.6,25,1.31,,86,,,,,,13.1
Rhinopithecus_roxellana,Cercopithecidae,Rhinopithecus,roxellana,117.76,17900,11600,,,,32.32,734,9,24.28,,,,,2.508,,,,
Saguinus_bicolor,Cebidae,Saguinus,bicolor,,428,430,7.5,,,-1.74,1299.9,26.2,,,,,,,,,,
Saguinus_fuscicollis,Cebidae,Saguinus,fuscicollis,7.94,404.6,396.6,5.1,1.9,1.3,-5.28,1968,25.4,0.2,1.6,55,0,44,1.014,17.09,28.48,35.86,5.08
Saguinus_geoffroyi,Cebidae,Saguinus,geoffroyi,10.14,499.3,534.4,6.3,2.4,2.1,6.88,2794.3,25.9,0.16,,,,,,,,,
Saguinus_imperator,Cebidae,Saguinus,imperator,,474,475,7,1,1,-9.23,2127.9,24.9,0.22,2.06,,,,,,,,
Saguinus_leucopus,Cebidae,Saguinus,leucopus,9.7,510,539,,,,6.3,1436.6,23.1,,,,,,,,,,
Saguinus_midas,Cebidae,Saguinus,midas,9.78,535,591,,,,-0.17,1606.8,25.3,0.05,,,,,0.991,,,,
Saguinus_mystax,Cebidae,Saguinus,mystax,11.09,629.3,538,7,2.2,2,-6.23,1948.5,25.6,0.21,1.85,,,,,25,29.6,27.2,4.7
Saguinus_niger,Cebidae,Saguinus,niger,9.48,380,370,,,,,,,,,,,,,,,,
Saguinus_oedipus,Cebidae,Saguinus,oedipus,9.76,416.6,445.1,5.8,2.7,1.7,9.22,1202.9,26.3,0.06,1.9,,5,37,1,,,,
Saguinus_tripartitus,Cebidae,Saguinus,tripartitus,,,,5.5,2.5,1.5,,,,,,,,,,,,,
Saimiri_boliviensis,Cebidae,Saimiri,boliviensis,,1020,750,60,,,-11.05,1715,24.3,,,,,,1.614,,,,
Saimiri_oerstedii,Cebidae,Saimiri,oerstedii,25.07,897,680,55.3,10,8.9,8.77,2280,26.6,0.1,3.4,,0,20,,,,,13.9
Saimiri_sciureus,Cebidae,Saimiri,sciureus,24.14,855,742.5,38,4.3,7.9,-0.64,1868.6,25.3,0.68,1.8,28,0,72,1.411,,,,2.9
Semnopithecus_entellus,Cercopithecidae,Semnopithecus,entellus,110.93,18144,11340,30.2,1.8,11.5,23.49,788.2,25.4,1.3,0.5,52,51,2,2.058,25.7,13.1,41.8,7.4
Symphalangus_syndactylus,Hylobatidae,Symphalangus,syndactylus,123.5,11880,10710,4,1,1,0.14,2267.2,24.2,0.313,0.75,44.2,42.4,9.4,1.189,35.6,16.8,35.3,5.3
Tarsius_bancanus,Tarsiidae,Tarsius,bancanus,3.16,128,123,,,,0.56,2563.9,24.7,0.04,1.8,,,,,,,,
Tarsius_dentatus,Tarsiidae,Tarsius,dentatus,,,,,,,-1.16,2059.9,18.6,0.004,,,,,,,,,
Tarsius_syrichta,Tarsiidae,Tarsius,syrichta,3.36,134,117,,,,9.07,1831,24.1,0.048,1.38,,,,,,,,
Theropithecus_gelada,Cercopithecidae,Theropithecus,gelada,133.33,19000,11700,10,1.5,4.1,10.95,924.9,17.3,1.16,2.5,26,94,0,3.229,47.7,17.5,15.1,18.3
Trachypithecus_auratus,Cercopithecidae,Trachypithecus,auratus,,,,14.5,1.2,7.4,-7.41,2012,24.4,0.03,,32.3,47,,,25.5,15,50.5,2.5
Trachypithecus_cristatus,Cercopithecidae,Trachypithecus,cristatus,57.86,6728.1,6059.7,32.4,1,15.6,0.54,2428.6,25,0.12,0.35,,91,0,1.697,,,,
Trachypithecus_geei,Cercopithecidae,Trachypithecus,geei,81.3,10800,9500,13.3,1.7,5.4,26.79,1479.1,17.6,2.22,,,,,,,,,
Trachypithecus_johnii,Cercopithecidae,Trachypithecus,johnii,84.6,12000,11200,,1.3,3.1,10.75,1280.4,25.7,0.08,,25,52,,,,,,
Trachypithecus_obscurus,Cercopithecidae,Trachypithecus,obscurus,62.12,7346.9,6764.8,10.2,2.5,7,6.82,2019.8,25.5,0.33,0.48,35,58,,1.814,,,,
Trachypithecus_phayrei,Cercopithecidae,Trachypithecus,phayrei,72.84,7767.8,7182,,,,20.48,1458.7,21.3,0.958,1,37,46,,,,,,
Trachypithecus_pileatus,Cercopithecidae,Trachypithecus,pileatus,103.64,12247,11340,7.8,1.05,3.55,24.83,1903.1,20.3,0.43,0.325,34,53,,1.887,,,,
Trachypithecus_vetulus,Cercopithecidae,Trachypithecus,vetulus,61.29,7371,5103,7.9,1,3.8,8.03,1434.1,25.8,0.02,,28,60,,1.791,,,,
Varecia_rubra,Lemuridae,Varecia,rubra,31.08,3600,3340,4.19,,,,,,,,86,4,0,,,,,
Varecia_variegata,Lemuridae,Varecia,variegata,32.12,3630,3520,2.8,2.5,1.42,-19.18,1885.8,19.9,1.39,1.021,90,6,0,1.038,26.78,13.2,53.03,3.5